tar_name,filepath,hash
plot_sites_png_3ea508f2,3_visualize/out/timeseries_AK.png,f74d5ecc6d96473b
plot_sites_png_8c6fbfcc,3_visualize/out/timeseries_AL.png,da0fcb867064807e
plot_sites_png_79cee316,3_visualize/out/timeseries_AR.png,20b55b18c71089c8
plot_sites_png_52a44750,3_visualize/out/timeseries_AZ.png,29eb33e47e730758
plot_sites_png_8f1808bc,3_visualize/out/timeseries_CA.png,9c85f629fe460da9
plot_sites_png_798838d3,3_visualize/out/timeseries_CO.png,cfc9b91e4d67ad29
plot_sites_png_3c12a096,3_visualize/out/timeseries_CT.png,b45bf125f909573a
plot_sites_png_29f97318,3_visualize/out/timeseries_DC.png,e5d27462e05325e3
plot_sites_png_1ac34fcc,3_visualize/out/timeseries_DE.png,1598b73c4e853696
plot_sites_png_cff8c93f,3_visualize/out/timeseries_FL.png,deb9975a1b57afb2
plot_sites_png_0f977ad5,3_visualize/out/timeseries_GA.png,ff405c66c7ab0f60
plot_sites_png_0a79573d,3_visualize/out/timeseries_GU.png,c4bb1ddb32d65ee3
plot_sites_png_695d7914,3_visualize/out/timeseries_HI.png,0066a5e164125cd4
plot_sites_png_0c841768,3_visualize/out/timeseries_IA.png,f3ef7d5971735f9a
plot_sites_png_7a5a55da,3_visualize/out/timeseries_ID.png,2f489ffcd7ea0f2e
plot_sites_png_efa18598,3_visualize/out/timeseries_IL.png,8e6fc3e664fee8ca
plot_sites_png_cc5de8af,3_visualize/out/timeseries_IN.png,08d6c099e031d8ad
plot_sites_png_d86d08e6,3_visualize/out/timeseries_KS.png,e4d1b126b966375f
plot_sites_png_ecebcfa4,3_visualize/out/timeseries_KY.png,6a38d32ce14e834d
plot_sites_png_ebba431d,3_visualize/out/timeseries_LA.png,e46261f7c03e158b
plot_sites_png_7201b395,3_visualize/out/timeseries_MA.png,d651d7f059cef305
plot_sites_png_551ea5c7,3_visualize/out/timeseries_MD.png,a2f8862fa68ea071
plot_sites_png_23ad8317,3_visualize/out/timeseries_ME.png,dbbac0e5bc7a2952
plot_sites_png_0dfe8f64,3_visualize/out/timeseries_MI.png,7dc7b50e5ad3fa55
plot_sites_png_ea1666f1,3_visualize/out/timeseries_MN.png,8c4163142a8976e0
plot_sites_png_98b708d5,3_visualize/out/timeseries_MO.png,9a53637b01d5fd52
plot_sites_png_fcd4cab2,3_visualize/out/timeseries_MS.png,2bbecc9973385a52
plot_sites_png_36afd1c6,3_visualize/out/timeseries_MT.png,daf94934399acfc2
plot_sites_png_9297f103,3_visualize/out/timeseries_NC.png,eda9a62fac8910d1
plot_sites_png_5fec98ea,3_visualize/out/timeseries_ND.png,b4cd147d19b929aa
plot_sites_png_9c9b58a6,3_visualize/out/timeseries_NE.png,f31c3cdfb4df1e64
plot_sites_png_4da7dbed,3_visualize/out/timeseries_NH.png,1af5b5f5dfffeafd
plot_sites_png_ecf034ec,3_visualize/out/timeseries_NJ.png,360aabd786756867
plot_sites_png_ede7b64d,3_visualize/out/timeseries_NM.png,bcfb9a15b64c7bb0
plot_sites_png_c5289e52,3_visualize/out/timeseries_NV.png,ee13aebdd15aef66
plot_sites_png_18eb7619,3_visualize/out/timeseries_NY.png,b539afccac0fe345
plot_sites_png_70730c86,3_visualize/out/timeseries_OH.png,d140b22d116249f4
plot_sites_png_ecaf8959,3_visualize/out/timeseries_OK.png,e72817c541cfdf61
plot_sites_png_212484df,3_visualize/out/timeseries_OR.png,487fbc0a98215c0e
plot_sites_png_41d1711c,3_visualize/out/timeseries_PA.png,c8750c2030a6882d
plot_sites_png_a3745e7a,3_visualize/out/timeseries_PR.png,f168081e55152bd4
plot_sites_png_49a81afc,3_visualize/out/timeseries_RI.png,93c552065ff65888
plot_sites_png_4ed748bf,3_visualize/out/timeseries_SC.png,30c4371d9375c5d2
plot_sites_png_2c6f1f01,3_visualize/out/timeseries_SD.png,9a39e8382895d85b
plot_sites_png_04cbd490,3_visualize/out/timeseries_TN.png,9a9eef4deb91c22b
plot_sites_png_7f5d81fd,3_visualize/out/timeseries_TX.png,9cc8d231468750de
plot_sites_png_b9997d6e,3_visualize/out/timeseries_UT.png,1f208c1ed1f82acd
plot_sites_png_abd9fd6f,3_visualize/out/timeseries_VA.png,0d86029d09750463
plot_sites_png_7b794e64,3_visualize/out/timeseries_VT.png,832ecdee98ee4d99
plot_sites_png_2e8f33d2,3_visualize/out/timeseries_WA.png,70534fd6c2c82aab
plot_sites_png_cd70330d,3_visualize/out/timeseries_WI.png,5f183bb082d7c3bc
plot_sites_png_46d84acf,3_visualize/out/timeseries_WV.png,3505de0c0a181c46
plot_sites_png_903aef07,3_visualize/out/timeseries_WY.png,16fe64f968ad141e
